Workbook

Sheet Consolidado
A1: CONSOLIDADO — SINOSBYTE
A2: Preencha o Mês e o Ano de referência abaixo — todas as abas se ajustam sozinhas.
A4: Mês de referência (1 a 12): | B4: 5 | D4: Ano de referência: | E4: 2026 | G4: Mês: | H4: =CHOOSE(B4,"JANEIRO","FEVEREIRO","MARÇO","ABRIL","MAIO","JUNHO","JULHO","AGOSTO","SETEMBRO","OUTUBRO","NOVEMBRO","DEZEMBRO") -> #NUM!
A6: Revise a coluna VALOR HORA (em azul) se houve reajuste. As colunas TOTAL DE HORAS e TOTAL R$ MENSAL são calculadas automaticamente a partir da aba de cada colaborador.
A8: COLABORADOR | B8: CARGO/FUNÇÃO | C8: SENIORIDADE | D8: NOME FORNECEDOR | E8: SQUAD | F8: RESPONSÁVEL IMEDIATO | G8: % ALOCAÇÃO | H8: VALOR HORA | I8: TOTAL DE HORAS | J8: TOTAL R$ MENSAL | K8: MÊS
A9: Lucas Moraes | B9: Desenvolvedor | C9: SENIOR | D9: SINOSBYTE | E9: SUSTENTAÇÃO | F9: Luciano Muller | G9: 1 | H9: 130 | I9: ='Lucas Moraes'!G40 | J9: =H9*I9 | K9: =$H$4
A10: Bianca Franzon | B10: Desenvolvedora | C10: JUNIOR | D10: SINOSBYTE | E10: SUSTENTAÇÃO | F10: Luciano Muller | G10: 1 | H10: 100 | I10: ='Bianca Franzon'!G40 | J10: =H10*I10 | K10: =$H$4
A11: Guilherme Fagundes | B11: Desenvolvedor | C11: SENIOR | D11: SINOSBYTE | E11: SUSTENTAÇÃO | F11: Luciano Muller | G11: 1 | H11: 110 | I11: ='Guilherme Fagundes'!G40 | J11: =H11*I11 | K11: =$H$4
A12: Joszef Barrionuevo | B12: Desenvolvedor | C12: SENIOR | D12: SINOSBYTE | E12: SUSTENTAÇÃO | F12: Luciano Muller | G12: 1 | H12: 140 | I12: ='Joszef Barrionuevo'!G40 | J12: =H12*I12 | K12: =$H$4
H13: TOTAL GERAL | J13: =SUM(J9:J12)

Sheet Lucas Moraes
A1: ="REGISTRO DE PONTO — Lucas Moraes — SINOSBYTE — " & Consolidado!$H$4 & "/" & Consolidado!$E$4
A2: Preencha apenas as células amarelas (Entrada, Saída Almoço, Retorno Almoço, Saída). O Total de Horas e o Total do Mês são calculados automaticamente. O mês/ano é definido na aba Consolidado.
A4: Colaborador: | B4: Lucas Moraes | D4: Cargo: | E4: Desenvolvedor | G4: Empresa: | H4: SINOSBYTE
A5: Squad: | B5: SUSTENTAÇÃO | D5: Valor Hora (R$): | E5: 130 | G5: Mês/Ano: | H5: =Consolidado!$H$4&"/"&Consolidado!$E$4 -> #NUM!
A7: Data | B7: Dia da Semana | C7: Entrada | D7: Saída Almoço | E7: Retorno Almoço | F7: Saída | G7: Total Horas | H7: Observações
A8: =IF(1<=DAY(EOMONTH(DATE(Consolidado!$E$4,Consolidado!$B$4,1),0)),DATE(Consolidado!$E$4,Consolidado!$B$4,1),"") -> NaN | B8: =IF(A8="","",CHOOSE(WEEKDAY(A8,2),"Segunda-feira","Terça-feira","Quarta-feira","Quinta-feira","Sexta-feira","Sábado","Domingo")) -> #NUM! | G8: =IF(OR(C8="",D8="",E8="",F8=""),"",(D8-C8)*24+(F8-E8)*24)
A9: =IF(2<=DAY(EOMONTH(DATE(Consolidado!$E$4,Consolidado!$B$4,1),0)),DATE(Consolidado!$E$4,Consolidado!$B$4,2),"") -> NaN | B9: =IF(A9="","",CHOOSE(WEEKDAY(A9,2),"Segunda-feira","Terça-feira","Quarta-feira","Quinta-feira","Sexta-feira","Sábado","Domingo")) -> #NUM! | C9: 09:30 | D9: 12:00 | E9: 13:00 | F9: 18:30 | G9: =IF(OR(C9="",D9="",E9="",F9=""),"",(D9-C9)*24+(F9-E9)*24) | H9: Teste 2
A10: =IF(3<=DAY(EOMONTH(DATE(Consolidado!$E$4,Consolidado!$B$4,1),0)),DATE(Consolidado!$E$4,Consolidado!$B$4,3),"") -> NaN | B10: =IF(A10="","",CHOOSE(WEEKDAY(A10,2),"Segunda-feira","Terça-feira","Quarta-feira","Quinta-feira","Sexta-feira","Sábado","Domingo")) -> #NUM! | C10: 09:30 | D10: 12:00 | E10: 13:00 | F10: 18:30 | G10: =IF(OR(C10="",D10="",E10="",F10=""),"",(D10-C10)*24+(F10-E10)*24) | H10: Teste 2
A11: =IF(4<=DAY(EOMONTH(DATE(Consolidado!$E$4,Consolidado!$B$4,1),0)),DATE(Consolidado!$E$4,Consolidado!$B$4,4),"") -> NaN | B11: =IF(A11="","",CHOOSE(WEEKDAY(A11,2),"Segunda-feira","Terça-feira","Quarta-feira","Quinta-feira","Sexta-feira","Sábado","Domingo")) -> #NUM! | C11: 09:30 | D11: 12:00 | E11: 13:00 | F11: 18:30 | G11: =IF(OR(C11="",D11="",E11="",F11=""),"",(D11-C11)*24+(F11-E11)*24) | H11: Teste 2
A12: =IF(5<=DAY(EOMONTH(DATE(Consolidado!$E$4,Consolidado!$B$4,1),0)),DATE(Consolidado!$E$4,Consolidado!$B$4,5),"") -> NaN | B12: =IF(A12="","",CHOOSE(WEEKDAY(A12,2),"Segunda-feira","Terça-feira","Quarta-feira","Quinta-feira","Sexta-feira","Sábado","Domingo")) -> #NUM! | G12: =IF(OR(C12="",D12="",E12="",F12=""),"",(D12-C12)*24+(F12-E12)*24)
A13: =IF(6<=DAY(EOMONTH(DATE(Consolidado!$E$4,Consolidado!$B$4,1),0)),DATE(Consolidado!$E$4,Consolidado!$B$4,6),"") -> NaN | B13: =IF(A13="","",CHOOSE(WEEKDAY(A13,2),"Segunda-feira","Terça-feira","Quarta-feira","Quinta-feira","Sexta-feira","Sábado","Domingo")) -> #NUM! | G13: =IF(OR(C13="",D13="",E13="",F13=""),"",(D13-C13)*24+(F13-E13)*24)
A14: =IF(7<=DAY(EOMONTH(DATE(Consolidado!$E$4,Consolidado!$B$4,1),0)),DATE(Consolidado!$E$4,Consolidado!$B$4,7),"") -> NaN | B14: =IF(A14="","",CHOOSE(WEEKDAY(A14,2),"Segunda-feira","Terça-feira","Quarta-feira","Quinta-feira","Sexta-feira","Sábado","Domingo")) -> #NUM! | G14: =IF(OR(C14="",D14="",E14="",F14=""),"",(D14-C14)*24+(F14-E14)*24)
A15: =IF(8<=DAY(EOMONTH(DATE(Consolidado!$E$4,Consolidado!$B$4,1),0)),DATE(Consolidado!$E$4,Consolidado!$B$4,8),"") -> NaN | B15: =IF(A15="","",CHOOSE(WEEKDAY(A15,2),"Segunda-feira","Terça-feira","Quarta-feira","Quinta-feira","Sexta-feira","Sábado","Domingo")) -> #NUM! | G15: =IF(OR(C15="",D15="",E15="",F15=""),"",(D15-C15)*24+(F15-E15)*24)
A16: =IF(9<=DAY(EOMONTH(DATE(Consolidado!$E$4,Consolidado!$B$4,1),0)),DATE(Consolidado!$E$4,Consolidado!$B$4,9),"") -> NaN | B16: =IF(A16="","",CHOOSE(WEEKDAY(A16,2),"Segunda-feira","Terça-feira","Quarta-feira","Quinta-feira","Sexta-feira","Sábado","Domingo")) -> #NUM! | G16: =IF(OR(C16="",D16="",E16="",F16=""),"",(D16-C16)*24+(F16-E16)*24)
A17: =IF(10<=DAY(EOMONTH(DATE(Consolidado!$E$4,Consolidado!$B$4,1),0)),DATE(Consolidado!$E$4,Consolidado!$B$4,10),"") -> NaN | B17: =IF(A17="","",CHOOSE(WEEKDAY(A17,2),"Segunda-feira","Terça-feira","Quarta-feira","Quinta-feira","Sexta-feira","Sábado","Domingo")) -> #NUM! | G17: =IF(OR(C17="",D17="",E17="",F17=""),"",(D17-C17)*24+(F17-E17)*24)
A18: =IF(11<=DAY(EOMONTH(DATE(Consolidado!$E$4,Consolidado!$B$4,1),0)),DATE(Consolidado!$E$4,Consolidado!$B$4,11),"") -> NaN | B18: =IF(A18="","",CHOOSE(WEEKDAY(A18,2),"Segunda-feira","Terça-feira","Quarta-feira","Quinta-feira","Sexta-feira","Sábado","Domingo")) -> #NUM! | G18: =IF(OR(C18="",D18="",E18="",F18=""),"",(D18-C18)*24+(F18-E18)*24)
A19: =IF(12<=DAY(EOMONTH(DATE(Consolidado!$E$4,Consolidado!$B$4,1),0)),DATE(Consolidado!$E$4,Consolidado!$B$4,12),"") -> NaN | B19: =IF(A19="","",CHOOSE(WEEKDAY(A19,2),"Segunda-feira","Terça-feira","Quarta-feira","Quinta-feira","Sexta-feira","Sábado","Domingo")) -> #NUM! | G19: =IF(OR(C19="",D19="",E19="",F19=""),"",(D19-C19)*24+(F19-E19)*24)
A20: =IF(13<=DAY(EOMONTH(DATE(Consolidado!$E$4,Consolidado!$B$4,1),0)),DATE(Consolidado!$E$4,Consolidado!$B$4,13),"") -> NaN | B20: =IF(A20="","",CHOOSE(WEEKDAY(A20,2),"Segunda-feira","Terça-feira","Quarta-feira","Quinta-feira","Sexta-feira","Sábado","Domingo")) -> #NUM! | G20: =IF(OR(C20="",D20="",E20="",F20=""),"",(D20-C20)*24+(F20-E20)*24)
A21: =IF(14<=DAY(EOMONTH(DATE(Consolidado!$E$4,Consolidado!$B$4,1),0)),DATE(Consolidado!$E$4,Consolidado!$B$4,14),"") -> NaN | B21: =IF(A21="","",CHOOSE(WEEKDAY(A21,2),"Segunda-feira","Terça-feira","Quarta-feira","Quinta-feira","Sexta-feira","Sábado","Domingo")) -> #NUM! | G21: =IF(OR(C21="",D21="",E21="",F21=""),"",(D21-C21)*24+(F21-E21)*24)
A22: =IF(15<=DAY(EOMONTH(DATE(Consolidado!$E$4,Consolidado!$B$4,1),0)),DATE(Consolidado!$E$4,Consolidado!$B$4,15),"") -> NaN | B22: =IF(A22="","",CHOOSE(WEEKDAY(A22,2),"Segunda-feira","Terça-feira","Quarta-feira","Quinta-feira","Sexta-feira","Sábado","Domingo")) -> #NUM! | G22: =IF(OR(C22="",D22="",E22="",F22=""),"",(D22-C22)*24+(F22-E22)*24)
A23: =IF(16<=DAY(EOMONTH(DATE(Consolidado!$E$4,Consolidado!$B$4,1),0)),DATE(Consolidado!$E$4,Consolidado!$B$4,16),"") -> NaN | B23: =IF(A23="","",CHOOSE(WEEKDAY(A23,2),"Segunda-feira","Terça-feira","Quarta-feira","Quinta-feira","Sexta-feira","Sábado","Domingo")) -> #NUM! | G23: =IF(OR(C23="",D23="",E23="",F23=""),"",(D23-C23)*24+(F23-E23)*24)
A24: =IF(17<=DAY(EOMONTH(DATE(Consolidado!$E$4,Consolidado!$B$4,1),0)),DATE(Consolidado!$E$4,Consolidado!$B$4,17),"") -> NaN | B24: =IF(A24="","",CHOOSE(WEEKDAY(A24,2),"Segunda-feira","Terça-feira","Quarta-feira","Quinta-feira","Sexta-feira","Sábado","Domingo")) -> #NUM! | G24: =IF(OR(C24="",D24="",E24="",F24=""),"",(D24-C24)*24+(F24-E24)*24)
A25: =IF(18<=DAY(EOMONTH(DATE(Consolidado!$E$4,Consolidado!$B$4,1),0)),DATE(Consolidado!$E$4,Consolidado!$B$4,18),"") -> NaN | B25: =IF(A25="","",CHOOSE(WEEKDAY(A25,2),"Segunda-feira","Terça-feira","Quarta-feira","Quinta-feira","Sexta-feira","Sábado","Domingo")) -> #NUM! | G25: =IF(OR(C25="",D25="",E25="",F25=""),"",(D25-C25)*24+(F25-E25)*24)
A26: =IF(19<=DAY(EOMONTH(DATE(Consolidado!$E$4,Consolidado!$B$4,1),0)),DATE(Consolidado!$E$4,Consolidado!$B$4,19),"") -> NaN | B26: =IF(A26="","",CHOOSE(WEEKDAY(A26,2),"Segunda-feira","Terça-feira","Quarta-feira","Quinta-feira","Sexta-feira","Sábado","Domingo")) -> #NUM! | G26: =IF(OR(C26="",D26="",E26="",F26=""),"",(D26-C26)*24+(F26-E26)*24)
A27: =IF(20<=DAY(EOMONTH(DATE(Consolidado!$E$4,Consolidado!$B$4,1),0)),DATE(Consolidado!$E$4,Consolidado!$B$4,20),"") -> NaN | B27: =IF(A27="","",CHOOSE(WEEKDAY(A27,2),"Segunda-feira","Terça-feira","Quarta-feira","Quinta-feira","Sexta-feira","Sábado","Domingo")) -> #NUM! | G27: =IF(OR(C27="",D27="",E27="",F27=""),"",(D27-C27)*24+(F27-E27)*24)
A28: =IF(21<=DAY(EOMONTH(DATE(Consolidado!$E$4,Consolidado!$B$4,1),0)),DATE(Consolidado!$E$4,Consolidado!$B$4,21),"") -> NaN | B28: =IF(A28="","",CHOOSE(WEEKDAY(A28,2),"Segunda-feira","Terça-feira","Quarta-feira","Quinta-feira","Sexta-feira","Sábado","Domingo")) -> #NUM! | G28: =IF(OR(C28="",D28="",E28="",F28=""),"",(D28-C28)*24+(F28-E28)*24)
A29: =IF(22<=DAY(EOMONTH(DATE(Consolidado!$E$4,Consolidado!$B$4,1),0)),DATE(Consolidado!$E$4,Consolidado!$B$4,22),"") -> NaN | B29: =IF(A29="","",CHOOSE(WEEKDAY(A29,2),"Segunda-feira","Terça-feira","Quarta-feira","Quinta-feira","Sexta-feira","Sábado","Domingo")) -> #NUM! | G29: =IF(OR(C29="",D29="",E29="",F29=""),"",(D29-C29)*24+(F29-E29)*24)
A30: =IF(23<=DAY(EOMONTH(DATE(Consolidado!$E$4,Consolidado!$B$4,1),0)),DATE(Consolidado!$E$4,Consolidado!$B$4,23),"") -> NaN | B30: =IF(A30="","",CHOOSE(WEEKDAY(A30,2),"Segunda-feira","Terça-feira","Quarta-feira","Quinta-feira","Sexta-feira","Sábado","Domingo")) -> #NUM! | G30: =IF(OR(C30="",D30="",E30="",F30=""),"",(D30-C30)*24+(F30-E30)*24)
A31: =IF(24<=DAY(EOMONTH(DATE(Consolidado!$E$4,Consolidado!$B$4,1),0)),DATE(Consolidado!$E$4,Consolidado!$B$4,24),"") -> NaN | B31: =IF(A31="","",CHOOSE(WEEKDAY(A31,2),"Segunda-feira","Terça-feira","Quarta-feira","Quinta-feira","Sexta-feira","Sábado","Domingo")) -> #NUM! | G31: =IF(OR(C31="",D31="",E31="",F31=""),"",(D31-C31)*24+(F31-E31)*24)
A32: =IF(25<=DAY(EOMONTH(DATE(Consolidado!$E$4,Consolidado!$B$4,1),0)),DATE(Consolidado!$E$4,Consolidado!$B$4,25),"") -> NaN | B32: =IF(A32="","",CHOOSE(WEEKDAY(A32,2),"Segunda-feira","Terça-feira","Quarta-feira","Quinta-feira","Sexta-feira","Sábado","Domingo")) -> #NUM! | G32: =IF(OR(C32="",D32="",E32="",F32=""),"",(D32-C32)*24+(F32-E32)*24)
A33: =IF(26<=DAY(EOMONTH(DATE(Consolidado!$E$4,Consolidado!$B$4,1),0)),DATE(Consolidado!$E$4,Consolidado!$B$4,26),"") -> NaN | B33: =IF(A33="","",CHOOSE(WEEKDAY(A33,2),"Segunda-feira","Terça-feira","Quarta-feira","Quinta-feira","Sexta-feira","Sábado","Domingo")) -> #NUM! | G33: =IF(OR(C33="",D33="",E33="",F33=""),"",(D33-C33)*24+(F33-E33)*24)
A34: =IF(27<=DAY(EOMONTH(DATE(Consolidado!$E$4,Consolidado!$B$4,1),0)),DATE(Consolidado!$E$4,Consolidado!$B$4,27),"") -> NaN | B34: =IF(A34="","",CHOOSE(WEEKDAY(A34,2),"Segunda-feira","Terça-feira","Quarta-feira","Quinta-feira","Sexta-feira","Sábado","Domingo")) -> #NUM! | G34: =IF(OR(C34="",D34="",E34="",F34=""),"",(D34-C34)*24+(F34-E34)*24)
A35: =IF(28<=DAY(EOMONTH(DATE(Consolidado!$E$4,Consolidado!$B$4,1),0)),DATE(Consolidado!$E$4,Consolidado!$B$4,28),"") -> NaN | B35: =IF(A35="","",CHOOSE(WEEKDAY(A35,2),"Segunda-feira","Terça-feira","Quarta-feira","Quinta-feira","Sexta-feira","Sábado","Domingo")) -> #NUM! | G35: =IF(OR(C35="",D35="",E35="",F35=""),"",(D35-C35)*24+(F35-E35)*24)
A36: =IF(29<=DAY(EOMONTH(DATE(Consolidado!$E$4,Consolidado!$B$4,1),0)),DATE(Consolidado!$E$4,Consolidado!$B$4,29),"") -> NaN | B36: =IF(A36="","",CHOOSE(WEEKDAY(A36,2),"Segunda-feira","Terça-feira","Quarta-feira","Quinta-feira","Sexta-feira","Sábado","Domingo")) -> #NUM! | G36: =IF(OR(C36="",D36="",E36="",F36=""),"",(D36-C36)*24+(F36-E36)*24)
A37: =IF(30<=DAY(EOMONTH(DATE(Consolidado!$E$4,Consolidado!$B$4,1),0)),DATE(Consolidado!$E$4,Consolidado!$B$4,30),"") -> NaN | B37: =IF(A37="","",CHOOSE(WEEKDAY(A37,2),"Segunda-feira","Terça-feira","Quarta-feira","Quinta-feira","Sexta-feira","Sábado","Domingo")) -> #NUM! | G37: =IF(OR(C37="",D37="",E37="",F37=""),"",(D37-C37)*24+(F37-E37)*24)
A38: =IF(31<=DAY(EOMONTH(DATE(Consolidado!$E$4,Consolidado!$B$4,1),0)),DATE(Consolidado!$E$4,Consolidado!$B$4,31),"") -> NaN | B38: =IF(A38="","",CHOOSE(WEEKDAY(A38,2),"Segunda-feira","Terça-feira","Quarta-feira","Quinta-feira","Sexta-feira","Sábado","Domingo")) -> #NUM! | G38: =IF(OR(C38="",D38="",E38="",F38=""),"",(D38-C38)*24+(F38-E38)*24)
F40: TOTAL HORAS DO MÊS | G40: =SUM(G8:G38)
F41: TOTAL R$ MENSAL (estimado) | G41: =G40*E5

Sheet Bianca Franzon
A1: ="REGISTRO DE PONTO — Bianca Franzon — SINOSBYTE — " & Consolidado!$H$4 & "/" & Consolidado!$E$4
A2: Preencha apenas as células amarelas (Entrada, Saída Almoço, Retorno Almoço, Saída). O Total de Horas e o Total do Mês são calculados automaticamente. O mês/ano é definido na aba Consolidado.
A4: Colaborador: | B4: Bianca Franzon | D4: Cargo: | E4: Desenvolvedora | G4: Empresa: | H4: SINOSBYTE
A5: Squad: | B5: SUSTENTAÇÃO | D5: Valor Hora (R$): | E5: 100 | G5: Mês/Ano: | H5: =Consolidado!$H$4&"/"&Consolidado!$E$4 -> #NUM!
A7: Data | B7: Dia da Semana | C7: Entrada | D7: Saída Almoço | E7: Retorno Almoço | F7: Saída | G7: Total Horas | H7: Observações
A8: =IF(1<=DAY(EOMONTH(DATE(Consolidado!$E$4,Consolidado!$B$4,1),0)),DATE(Consolidado!$E$4,Consolidado!$B$4,1),"") -> NaN | B8: =IF(A8="","",CHOOSE(WEEKDAY(A8,2),"Segunda-feira","Terça-feira","Quarta-feira","Quinta-feira","Sexta-feira","Sábado","Domingo")) -> #NUM! | C8: 09:30 | D8: 12:00 | E8: 13:00 | F8: 18:30 | G8: =IF(OR(C8="",D8="",E8="",F8=""),"",(D8-C8)*24+(F8-E8)*24) | H8: Teste 2
A9: =IF(2<=DAY(EOMONTH(DATE(Consolidado!$E$4,Consolidado!$B$4,1),0)),DATE(Consolidado!$E$4,Consolidado!$B$4,2),"") -> NaN | B9: =IF(A9="","",CHOOSE(WEEKDAY(A9,2),"Segunda-feira","Terça-feira","Quarta-feira","Quinta-feira","Sexta-feira","Sábado","Domingo")) -> #NUM! | C9: 00:00 | D9: 00:00 | E9: 13:00 | F9: 18:00 | G9: =IF(OR(C9="",D9="",E9="",F9=""),"",(D9-C9)*24+(F9-E9)*24) | H9: Teste 31
A10: =IF(3<=DAY(EOMONTH(DATE(Consolidado!$E$4,Consolidado!$B$4,1),0)),DATE(Consolidado!$E$4,Consolidado!$B$4,3),"") -> NaN | B10: =IF(A10="","",CHOOSE(WEEKDAY(A10,2),"Segunda-feira","Terça-feira","Quarta-feira","Quinta-feira","Sexta-feira","Sábado","Domingo")) -> #NUM! | C10: 00:00 | D10: 00:00 | E10: 13:00 | F10: 18:00 | G10: =IF(OR(C10="",D10="",E10="",F10=""),"",(D10-C10)*24+(F10-E10)*24) | H10: Teste 1
A11: =IF(4<=DAY(EOMONTH(DATE(Consolidado!$E$4,Consolidado!$B$4,1),0)),DATE(Consolidado!$E$4,Consolidado!$B$4,4),"") -> NaN | B11: =IF(A11="","",CHOOSE(WEEKDAY(A11,2),"Segunda-feira","Terça-feira","Quarta-feira","Quinta-feira","Sexta-feira","Sábado","Domingo")) -> #NUM! | C11: 09:30 | D11: 12:00 | E11: 13:00 | F11: 18:30 | G11: =IF(OR(C11="",D11="",E11="",F11=""),"",(D11-C11)*24+(F11-E11)*24) | H11: Teste 2
A12: =IF(5<=DAY(EOMONTH(DATE(Consolidado!$E$4,Consolidado!$B$4,1),0)),DATE(Consolidado!$E$4,Consolidado!$B$4,5),"") -> NaN | B12: =IF(A12="","",CHOOSE(WEEKDAY(A12,2),"Segunda-feira","Terça-feira","Quarta-feira","Quinta-feira","Sexta-feira","Sábado","Domingo")) -> #NUM! | C12: 07:45 | D12: 12:00 | E12: 13:00 | F12: 15:05 | G12: =IF(OR(C12="",D12="",E12="",F12=""),"",(D12-C12)*24+(F12-E12)*24) | H12: Teste 3
A13: =IF(6<=DAY(EOMONTH(DATE(Consolidado!$E$4,Consolidado!$B$4,1),0)),DATE(Consolidado!$E$4,Consolidado!$B$4,6),"") -> NaN | B13: =IF(A13="","",CHOOSE(WEEKDAY(A13,2),"Segunda-feira","Terça-feira","Quarta-feira","Quinta-feira","Sexta-feira","Sábado","Domingo")) -> #NUM! | G13: =IF(OR(C13="",D13="",E13="",F13=""),"",(D13-C13)*24+(F13-E13)*24)
A14: =IF(7<=DAY(EOMONTH(DATE(Consolidado!$E$4,Consolidado!$B$4,1),0)),DATE(Consolidado!$E$4,Consolidado!$B$4,7),"") -> NaN | B14: =IF(A14="","",CHOOSE(WEEKDAY(A14,2),"Segunda-feira","Terça-feira","Quarta-feira","Quinta-feira","Sexta-feira","Sábado","Domingo")) -> #NUM! | C14: 09:30 | D14: 12:00 | E14: 13:00 | F14: 18:00 | G14: =IF(OR(C14="",D14="",E14="",F14=""),"",(D14-C14)*24+(F14-E14)*24) | H14: Teste 43211
A15: =IF(8<=DAY(EOMONTH(DATE(Consolidado!$E$4,Consolidado!$B$4,1),0)),DATE(Consolidado!$E$4,Consolidado!$B$4,8),"") -> NaN | B15: =IF(A15="","",CHOOSE(WEEKDAY(A15,2),"Segunda-feira","Terça-feira","Quarta-feira","Quinta-feira","Sexta-feira","Sábado","Domingo")) -> #NUM! | C15: 09:00 | D15: 12:00 | E15: 13:00 | F15: 18:00 | G15: =IF(OR(C15="",D15="",E15="",F15=""),"",(D15-C15)*24+(F15-E15)*24) | H15: Teste 1
A16: =IF(9<=DAY(EOMONTH(DATE(Consolidado!$E$4,Consolidado!$B$4,1),0)),DATE(Consolidado!$E$4,Consolidado!$B$4,9),"") -> NaN | B16: =IF(A16="","",CHOOSE(WEEKDAY(A16,2),"Segunda-feira","Terça-feira","Quarta-feira","Quinta-feira","Sexta-feira","Sábado","Domingo")) -> #NUM! | C16: 09:00 | D16: 12:00 | E16: 13:00 | F16: 18:00 | G16: =IF(OR(C16="",D16="",E16="",F16=""),"",(D16-C16)*24+(F16-E16)*24) | H16: Teste 51
A17: =IF(10<=DAY(EOMONTH(DATE(Consolidado!$E$4,Consolidado!$B$4,1),0)),DATE(Consolidado!$E$4,Consolidado!$B$4,10),"") -> NaN | B17: =IF(A17="","",CHOOSE(WEEKDAY(A17,2),"Segunda-feira","Terça-feira","Quarta-feira","Quinta-feira","Sexta-feira","Sábado","Domingo")) -> #NUM! | C17: 09:30 | D17: 12:00 | E17: 13:00 | F17: 18:00 | G17: =IF(OR(C17="",D17="",E17="",F17=""),"",(D17-C17)*24+(F17-E17)*24) | H17: Teste 361
A18: =IF(11<=DAY(EOMONTH(DATE(Consolidado!$E$4,Consolidado!$B$4,1),0)),DATE(Consolidado!$E$4,Consolidado!$B$4,11),"") -> NaN | B18: =IF(A18="","",CHOOSE(WEEKDAY(A18,2),"Segunda-feira","Terça-feira","Quarta-feira","Quinta-feira","Sexta-feira","Sábado","Domingo")) -> #NUM! | C18: 09:00 | D18: 12:00 | E18: 13:00 | F18: 18:00 | G18: =IF(OR(C18="",D18="",E18="",F18=""),"",(D18-C18)*24+(F18-E18)*24) | H18: Teste 21
A19: =IF(12<=DAY(EOMONTH(DATE(Consolidado!$E$4,Consolidado!$B$4,1),0)),DATE(Consolidado!$E$4,Consolidado!$B$4,12),"") -> NaN | B19: =IF(A19="","",CHOOSE(WEEKDAY(A19,2),"Segunda-feira","Terça-feira","Quarta-feira","Quinta-feira","Sexta-feira","Sábado","Domingo")) -> #NUM! | G19: =IF(OR(C19="",D19="",E19="",F19=""),"",(D19-C19)*24+(F19-E19)*24)
A20: =IF(13<=DAY(EOMONTH(DATE(Consolidado!$E$4,Consolidado!$B$4,1),0)),DATE(Consolidado!$E$4,Consolidado!$B$4,13),"") -> NaN | B20: =IF(A20="","",CHOOSE(WEEKDAY(A20,2),"Segunda-feira","Terça-feira","Quarta-feira","Quinta-feira","Sexta-feira","Sábado","Domingo")) -> #NUM! | G20: =IF(OR(C20="",D20="",E20="",F20=""),"",(D20-C20)*24+(F20-E20)*24)
A21: =IF(14<=DAY(EOMONTH(DATE(Consolidado!$E$4,Consolidado!$B$4,1),0)),DATE(Consolidado!$E$4,Consolidado!$B$4,14),"") -> NaN | B21: =IF(A21="","",CHOOSE(WEEKDAY(A21,2),"Segunda-feira","Terça-feira","Quarta-feira","Quinta-feira","Sexta-feira","Sábado","Domingo")) -> #NUM! | C21: 09:30 | D21: 12:00 | E21: 13:00 | F21: 18:00 | G21: =IF(OR(C21="",D21="",E21="",F21=""),"",(D21-C21)*24+(F21-E21)*24) | H21: Teste 41
A22: =IF(15<=DAY(EOMONTH(DATE(Consolidado!$E$4,Consolidado!$B$4,1),0)),DATE(Consolidado!$E$4,Consolidado!$B$4,15),"") -> NaN | B22: =IF(A22="","",CHOOSE(WEEKDAY(A22,2),"Segunda-feira","Terça-feira","Quarta-feira","Quinta-feira","Sexta-feira","Sábado","Domingo")) -> #NUM! | C22: 09:00 | D22: 12:00 | E22: 13:00 | F22: 18:00 | G22: =IF(OR(C22="",D22="",E22="",F22=""),"",(D22-C22)*24+(F22-E22)*24) | H22: Teste 221
A23: =IF(16<=DAY(EOMONTH(DATE(Consolidado!$E$4,Consolidado!$B$4,1),0)),DATE(Consolidado!$E$4,Consolidado!$B$4,16),"") -> NaN | B23: =IF(A23="","",CHOOSE(WEEKDAY(A23,2),"Segunda-feira","Terça-feira","Quarta-feira","Quinta-feira","Sexta-feira","Sábado","Domingo")) -> #NUM! | G23: =IF(OR(C23="",D23="",E23="",F23=""),"",(D23-C23)*24+(F23-E23)*24)
A24: =IF(17<=DAY(EOMONTH(DATE(Consolidado!$E$4,Consolidado!$B$4,1),0)),DATE(Consolidado!$E$4,Consolidado!$B$4,17),"") -> NaN | B24: =IF(A24="","",CHOOSE(WEEKDAY(A24,2),"Segunda-feira","Terça-feira","Quarta-feira","Quinta-feira","Sexta-feira","Sábado","Domingo")) -> #NUM! | G24: =IF(OR(C24="",D24="",E24="",F24=""),"",(D24-C24)*24+(F24-E24)*24)
A25: =IF(18<=DAY(EOMONTH(DATE(Consolidado!$E$4,Consolidado!$B$4,1),0)),DATE(Consolidado!$E$4,Consolidado!$B$4,18),"") -> NaN | B25: =IF(A25="","",CHOOSE(WEEKDAY(A25,2),"Segunda-feira","Terça-feira","Quarta-feira","Quinta-feira","Sexta-feira","Sábado","Domingo")) -> #NUM! | G25: =IF(OR(C25="",D25="",E25="",F25=""),"",(D25-C25)*24+(F25-E25)*24)
A26: =IF(19<=DAY(EOMONTH(DATE(Consolidado!$E$4,Consolidado!$B$4,1),0)),DATE(Consolidado!$E$4,Consolidado!$B$4,19),"") -> NaN | B26: =IF(A26="","",CHOOSE(WEEKDAY(A26,2),"Segunda-feira","Terça-feira","Quarta-feira","Quinta-feira","Sexta-feira","Sábado","Domingo")) -> #NUM! | G26: =IF(OR(C26="",D26="",E26="",F26=""),"",(D26-C26)*24+(F26-E26)*24)
A27: =IF(20<=DAY(EOMONTH(DATE(Consolidado!$E$4,Consolidado!$B$4,1),0)),DATE(Consolidado!$E$4,Consolidado!$B$4,20),"") -> NaN | B27: =IF(A27="","",CHOOSE(WEEKDAY(A27,2),"Segunda-feira","Terça-feira","Quarta-feira","Quinta-feira","Sexta-feira","Sábado","Domingo")) -> #NUM! | G27: =IF(OR(C27="",D27="",E27="",F27=""),"",(D27-C27)*24+(F27-E27)*24)
A28: =IF(21<=DAY(EOMONTH(DATE(Consolidado!$E$4,Consolidado!$B$4,1),0)),DATE(Consolidado!$E$4,Consolidado!$B$4,21),"") -> NaN | B28: =IF(A28="","",CHOOSE(WEEKDAY(A28,2),"Segunda-feira","Terça-feira","Quarta-feira","Quinta-feira","Sexta-feira","Sábado","Domingo")) -> #NUM! | G28: =IF(OR(C28="",D28="",E28="",F28=""),"",(D28-C28)*24+(F28-E28)*24)
A29: =IF(22<=DAY(EOMONTH(DATE(Consolidado!$E$4,Consolidado!$B$4,1),0)),DATE(Consolidado!$E$4,Consolidado!$B$4,22),"") -> NaN | B29: =IF(A29="","",CHOOSE(WEEKDAY(A29,2),"Segunda-feira","Terça-feira","Quarta-feira","Quinta-feira","Sexta-feira","Sábado","Domingo")) -> #NUM! | G29: =IF(OR(C29="",D29="",E29="",F29=""),"",(D29-C29)*24+(F29-E29)*24)
A30: =IF(23<=DAY(EOMONTH(DATE(Consolidado!$E$4,Consolidado!$B$4,1),0)),DATE(Consolidado!$E$4,Consolidado!$B$4,23),"") -> NaN | B30: =IF(A30="","",CHOOSE(WEEKDAY(A30,2),"Segunda-feira","Terça-feira","Quarta-feira","Quinta-feira","Sexta-feira","Sábado","Domingo")) -> #NUM! | G30: =IF(OR(C30="",D30="",E30="",F30=""),"",(D30-C30)*24+(F30-E30)*24)
A31: =IF(24<=DAY(EOMONTH(DATE(Consolidado!$E$4,Consolidado!$B$4,1),0)),DATE(Consolidado!$E$4,Consolidado!$B$4,24),"") -> NaN | B31: =IF(A31="","",CHOOSE(WEEKDAY(A31,2),"Segunda-feira","Terça-feira","Quarta-feira","Quinta-feira","Sexta-feira","Sábado","Domingo")) -> #NUM! | G31: =IF(OR(C31="",D31="",E31="",F31=""),"",(D31-C31)*24+(F31-E31)*24)
A32: =IF(25<=DAY(EOMONTH(DATE(Consolidado!$E$4,Consolidado!$B$4,1),0)),DATE(Consolidado!$E$4,Consolidado!$B$4,25),"") -> NaN | B32: =IF(A32="","",CHOOSE(WEEKDAY(A32,2),"Segunda-feira","Terça-feira","Quarta-feira","Quinta-feira","Sexta-feira","Sábado","Domingo")) -> #NUM! | G32: =IF(OR(C32="",D32="",E32="",F32=""),"",(D32-C32)*24+(F32-E32)*24)
A33: =IF(26<=DAY(EOMONTH(DATE(Consolidado!$E$4,Consolidado!$B$4,1),0)),DATE(Consolidado!$E$4,Consolidado!$B$4,26),"") -> NaN | B33: =IF(A33="","",CHOOSE(WEEKDAY(A33,2),"Segunda-feira","Terça-feira","Quarta-feira","Quinta-feira","Sexta-feira","Sábado","Domingo")) -> #NUM! | G33: =IF(OR(C33="",D33="",E33="",F33=""),"",(D33-C33)*24+(F33-E33)*24)
A34: =IF(27<=DAY(EOMONTH(DATE(Consolidado!$E$4,Consolidado!$B$4,1),0)),DATE(Consolidado!$E$4,Consolidado!$B$4,27),"") -> NaN | B34: =IF(A34="","",CHOOSE(WEEKDAY(A34,2),"Segunda-feira","Terça-feira","Quarta-feira","Quinta-feira","Sexta-feira","Sábado","Domingo")) -> #NUM! | G34: =IF(OR(C34="",D34="",E34="",F34=""),"",(D34-C34)*24+(F34-E34)*24)
A35: =IF(28<=DAY(EOMONTH(DATE(Consolidado!$E$4,Consolidado!$B$4,1),0)),DATE(Consolidado!$E$4,Consolidado!$B$4,28),"") -> NaN | B35: =IF(A35="","",CHOOSE(WEEKDAY(A35,2),"Segunda-feira","Terça-feira","Quarta-feira","Quinta-feira","Sexta-feira","Sábado","Domingo")) -> #NUM! | G35: =IF(OR(C35="",D35="",E35="",F35=""),"",(D35-C35)*24+(F35-E35)*24)
A36: =IF(29<=DAY(EOMONTH(DATE(Consolidado!$E$4,Consolidado!$B$4,1),0)),DATE(Consolidado!$E$4,Consolidado!$B$4,29),"") -> NaN | B36: =IF(A36="","",CHOOSE(WEEKDAY(A36,2),"Segunda-feira","Terça-feira","Quarta-feira","Quinta-feira","Sexta-feira","Sábado","Domingo")) -> #NUM! | G36: =IF(OR(C36="",D36="",E36="",F36=""),"",(D36-C36)*24+(F36-E36)*24)
A37: =IF(30<=DAY(EOMONTH(DATE(Consolidado!$E$4,Consolidado!$B$4,1),0)),DATE(Consolidado!$E$4,Consolidado!$B$4,30),"") -> NaN | B37: =IF(A37="","",CHOOSE(WEEKDAY(A37,2),"Segunda-feira","Terça-feira","Quarta-feira","Quinta-feira","Sexta-feira","Sábado","Domingo")) -> #NUM! | G37: =IF(OR(C37="",D37="",E37="",F37=""),"",(D37-C37)*24+(F37-E37)*24)
A38: =IF(31<=DAY(EOMONTH(DATE(Consolidado!$E$4,Consolidado!$B$4,1),0)),DATE(Consolidado!$E$4,Consolidado!$B$4,31),"") -> NaN | B38: =IF(A38="","",CHOOSE(WEEKDAY(A38,2),"Segunda-feira","Terça-feira","Quarta-feira","Quinta-feira","Sexta-feira","Sábado","Domingo")) -> #NUM! | G38: =IF(OR(C38="",D38="",E38="",F38=""),"",(D38-C38)*24+(F38-E38)*24)
F40: TOTAL HORAS DO MÊS | G40: =SUM(G8:G38)
F41: TOTAL R$ MENSAL (estimado) | G41: =G40*E5

Sheet Guilherme Fagundes
A1: ="REGISTRO DE PONTO — Guilherme Fagundes — SINOSBYTE — " & Consolidado!$H$4 & "/" & Consolidado!$E$4
A2: Preencha apenas as células amarelas (Entrada, Saída Almoço, Retorno Almoço, Saída). O Total de Horas e o Total do Mês são calculados automaticamente. O mês/ano é definido na aba Consolidado.
A4: Colaborador: | B4: Guilherme Fagundes | D4: Cargo: | E4: Desenvolvedor | G4: Empresa: | H4: SINOSBYTE
A5: Squad: | B5: SUSTENTAÇÃO | D5: Valor Hora (R$): | E5: 110 | G5: Mês/Ano: | H5: =Consolidado!$H$4&"/"&Consolidado!$E$4 -> #NUM!
A7: Data | B7: Dia da Semana | C7: Entrada | D7: Saída Almoço | E7: Retorno Almoço | F7: Saída | G7: Total Horas | H7: Observações
A8: =IF(1<=DAY(EOMONTH(DATE(Consolidado!$E$4,Consolidado!$B$4,1),0)),DATE(Consolidado!$E$4,Consolidado!$B$4,1),"") -> NaN | B8: =IF(A8="","",CHOOSE(WEEKDAY(A8,2),"Segunda-feira","Terça-feira","Quarta-feira","Quinta-feira","Sexta-feira","Sábado","Domingo")) -> #NUM! | C8: 08:45 | D8: 12:00 | E8: 13:00 | F8: 19:00 | G8: =IF(OR(C8="",D8="",E8="",F8=""),"",(D8-C8)*24+(F8-E8)*24) | H8: Test
A9: =IF(2<=DAY(EOMONTH(DATE(Consolidado!$E$4,Consolidado!$B$4,1),0)),DATE(Consolidado!$E$4,Consolidado!$B$4,2),"") -> NaN | B9: =IF(A9="","",CHOOSE(WEEKDAY(A9,2),"Segunda-feira","Terça-feira","Quarta-feira","Quinta-feira","Sexta-feira","Sábado","Domingo")) -> #NUM! | G9: =IF(OR(C9="",D9="",E9="",F9=""),"",(D9-C9)*24+(F9-E9)*24)
A10: =IF(3<=DAY(EOMONTH(DATE(Consolidado!$E$4,Consolidado!$B$4,1),0)),DATE(Consolidado!$E$4,Consolidado!$B$4,3),"") -> NaN | B10: =IF(A10="","",CHOOSE(WEEKDAY(A10,2),"Segunda-feira","Terça-feira","Quarta-feira","Quinta-feira","Sexta-feira","Sábado","Domingo")) -> #NUM! | G10: =IF(OR(C10="",D10="",E10="",F10=""),"",(D10-C10)*24+(F10-E10)*24)
A11: =IF(4<=DAY(EOMONTH(DATE(Consolidado!$E$4,Consolidado!$B$4,1),0)),DATE(Consolidado!$E$4,Consolidado!$B$4,4),"") -> NaN | B11: =IF(A11="","",CHOOSE(WEEKDAY(A11,2),"Segunda-feira","Terça-feira","Quarta-feira","Quinta-feira","Sexta-feira","Sábado","Domingo")) -> #NUM! | C11: 09:00 | D11: 12:00 | E11: 13:00 | F11: 18:10 | G11: =IF(OR(C11="",D11="",E11="",F11=""),"",(D11-C11)*24+(F11-E11)*24) | H11: Test
A12: =IF(5<=DAY(EOMONTH(DATE(Consolidado!$E$4,Consolidado!$B$4,1),0)),DATE(Consolidado!$E$4,Consolidado!$B$4,5),"") -> NaN | B12: =IF(A12="","",CHOOSE(WEEKDAY(A12,2),"Segunda-feira","Terça-feira","Quarta-feira","Quinta-feira","Sexta-feira","Sábado","Domingo")) -> #NUM! | C12: 08:45 | D12: 12:00 | E12: 13:00 | F12: 17:40 | G12: =IF(OR(C12="",D12="",E12="",F12=""),"",(D12-C12)*24+(F12-E12)*24) | H12: Test
A13: =IF(6<=DAY(EOMONTH(DATE(Consolidado!$E$4,Consolidado!$B$4,1),0)),DATE(Consolidado!$E$4,Consolidado!$B$4,6),"") -> NaN | B13: =IF(A13="","",CHOOSE(WEEKDAY(A13,2),"Segunda-feira","Terça-feira","Quarta-feira","Quinta-feira","Sexta-feira","Sábado","Domingo")) -> #NUM! | C13: 09:00 | D13: 12:00 | E13: 13:00 | F13: 18:10 | G13: =IF(OR(C13="",D13="",E13="",F13=""),"",(D13-C13)*24+(F13-E13)*24) | H13: Test
A14: =IF(7<=DAY(EOMONTH(DATE(Consolidado!$E$4,Consolidado!$B$4,1),0)),DATE(Consolidado!$E$4,Consolidado!$B$4,7),"") -> NaN | B14: =IF(A14="","",CHOOSE(WEEKDAY(A14,2),"Segunda-feira","Terça-feira","Quarta-feira","Quinta-feira","Sexta-feira","Sábado","Domingo")) -> #NUM! | C14: 09:00 | D14: 12:00 | E14: 13:00 | F14: 19:00 | G14: =IF(OR(C14="",D14="",E14="",F14=""),"",(D14-C14)*24+(F14-E14)*24) | H14: Test
A15: =IF(8<=DAY(EOMONTH(DATE(Consolidado!$E$4,Consolidado!$B$4,1),0)),DATE(Consolidado!$E$4,Consolidado!$B$4,8),"") -> NaN | B15: =IF(A15="","",CHOOSE(WEEKDAY(A15,2),"Segunda-feira","Terça-feira","Quarta-feira","Quinta-feira","Sexta-feira","Sábado","Domingo")) -> #NUM! | C15: 08:45 | D15: 12:00 | E15: 13:00 | F15: 19:00 | G15: =IF(OR(C15="",D15="",E15="",F15=""),"",(D15-C15)*24+(F15-E15)*24) | H15: Test
A16: =IF(9<=DAY(EOMONTH(DATE(Consolidado!$E$4,Consolidado!$B$4,1),0)),DATE(Consolidado!$E$4,Consolidado!$B$4,9),"") -> NaN | B16: =IF(A16="","",CHOOSE(WEEKDAY(A16,2),"Segunda-feira","Terça-feira","Quarta-feira","Quinta-feira","Sexta-feira","Sábado","Domingo")) -> #NUM! | G16: =IF(OR(C16="",D16="",E16="",F16=""),"",(D16-C16)*24+(F16-E16)*24)
A17: =IF(10<=DAY(EOMONTH(DATE(Consolidado!$E$4,Consolidado!$B$4,1),0)),DATE(Consolidado!$E$4,Consolidado!$B$4,10),"") -> NaN | B17: =IF(A17="","",CHOOSE(WEEKDAY(A17,2),"Segunda-feira","Terça-feira","Quarta-feira","Quinta-feira","Sexta-feira","Sábado","Domingo")) -> #NUM! | G17: =IF(OR(C17="",D17="",E17="",F17=""),"",(D17-C17)*24+(F17-E17)*24)
A18: =IF(11<=DAY(EOMONTH(DATE(Consolidado!$E$4,Consolidado!$B$4,1),0)),DATE(Consolidado!$E$4,Consolidado!$B$4,11),"") -> NaN | B18: =IF(A18="","",CHOOSE(WEEKDAY(A18,2),"Segunda-feira","Terça-feira","Quarta-feira","Quinta-feira","Sexta-feira","Sábado","Domingo")) -> #NUM! | C18: 09:00 | D18: 12:00 | E18: 13:00 | F18: 18:10 | G18: =IF(OR(C18="",D18="",E18="",F18=""),"",(D18-C18)*24+(F18-E18)*24) | H18: Test
A19: =IF(12<=DAY(EOMONTH(DATE(Consolidado!$E$4,Consolidado!$B$4,1),0)),DATE(Consolidado!$E$4,Consolidado!$B$4,12),"") -> NaN | B19: =IF(A19="","",CHOOSE(WEEKDAY(A19,2),"Segunda-feira","Terça-feira","Quarta-feira","Quinta-feira","Sexta-feira","Sábado","Domingo")) -> #NUM! | C19: 09:00 | D19: 12:00 | E19: 13:00 | F19: 19:00 | G19: =IF(OR(C19="",D19="",E19="",F19=""),"",(D19-C19)*24+(F19-E19)*24) | H19: Test
A20: =IF(13<=DAY(EOMONTH(DATE(Consolidado!$E$4,Consolidado!$B$4,1),0)),DATE(Consolidado!$E$4,Consolidado!$B$4,13),"") -> NaN | B20: =IF(A20="","",CHOOSE(WEEKDAY(A20,2),"Segunda-feira","Terça-feira","Quarta-feira","Quinta-feira","Sexta-feira","Sábado","Domingo")) -> #NUM! | C20: 08:45 | D20: 12:00 | E20: 13:00 | F20: 17:40 | G20: =IF(OR(C20="",D20="",E20="",F20=""),"",(D20-C20)*24+(F20-E20)*24) | H20: Test
A21: =IF(14<=DAY(EOMONTH(DATE(Consolidado!$E$4,Consolidado!$B$4,1),0)),DATE(Consolidado!$E$4,Consolidado!$B$4,14),"") -> NaN | B21: =IF(A21="","",CHOOSE(WEEKDAY(A21,2),"Segunda-feira","Terça-feira","Quarta-feira","Quinta-feira","Sexta-feira","Sábado","Domingo")) -> #NUM! | C21: 08:45 | D21: 12:00 | E21: 13:00 | F21: 18:10 | G21: =IF(OR(C21="",D21="",E21="",F21=""),"",(D21-C21)*24+(F21-E21)*24) | H21: Test
A22: =IF(15<=DAY(EOMONTH(DATE(Consolidado!$E$4,Consolidado!$B$4,1),0)),DATE(Consolidado!$E$4,Consolidado!$B$4,15),"") -> NaN | B22: =IF(A22="","",CHOOSE(WEEKDAY(A22,2),"Segunda-feira","Terça-feira","Quarta-feira","Quinta-feira","Sexta-feira","Sábado","Domingo")) -> #NUM! | C22: 08:45 | D22: 12:00 | E22: 13:00 | F22: 18:10 | G22: =IF(OR(C22="",D22="",E22="",F22=""),"",(D22-C22)*24+(F22-E22)*24) | H22: Test
A23: =IF(16<=DAY(EOMONTH(DATE(Consolidado!$E$4,Consolidado!$B$4,1),0)),DATE(Consolidado!$E$4,Consolidado!$B$4,16),"") -> NaN | B23: =IF(A23="","",CHOOSE(WEEKDAY(A23,2),"Segunda-feira","Terça-feira","Quarta-feira","Quinta-feira","Sexta-feira","Sábado","Domingo")) -> #NUM! | G23: =IF(OR(C23="",D23="",E23="",F23=""),"",(D23-C23)*24+(F23-E23)*24)
A24: =IF(17<=DAY(EOMONTH(DATE(Consolidado!$E$4,Consolidado!$B$4,1),0)),DATE(Consolidado!$E$4,Consolidado!$B$4,17),"") -> NaN | B24: =IF(A24="","",CHOOSE(WEEKDAY(A24,2),"Segunda-feira","Terça-feira","Quarta-feira","Quinta-feira","Sexta-feira","Sábado","Domingo")) -> #NUM! | G24: =IF(OR(C24="",D24="",E24="",F24=""),"",(D24-C24)*24+(F24-E24)*24)
A25: =IF(18<=DAY(EOMONTH(DATE(Consolidado!$E$4,Consolidado!$B$4,1),0)),DATE(Consolidado!$E$4,Consolidado!$B$4,18),"") -> NaN | B25: =IF(A25="","",CHOOSE(WEEKDAY(A25,2),"Segunda-feira","Terça-feira","Quarta-feira","Quinta-feira","Sexta-feira","Sábado","Domingo")) -> #NUM! | G25: =IF(OR(C25="",D25="",E25="",F25=""),"",(D25-C25)*24+(F25-E25)*24)
A26: =IF(19<=DAY(EOMONTH(DATE(Consolidado!$E$4,Consolidado!$B$4,1),0)),DATE(Consolidado!$E$4,Consolidado!$B$4,19),"") -> NaN | B26: =IF(A26="","",CHOOSE(WEEKDAY(A26,2),"Segunda-feira","Terça-feira","Quarta-feira","Quinta-feira","Sexta-feira","Sábado","Domingo")) -> #NUM! | G26: =IF(OR(C26="",D26="",E26="",F26=""),"",(D26-C26)*24+(F26-E26)*24)
A27: =IF(20<=DAY(EOMONTH(DATE(Consolidado!$E$4,Consolidado!$B$4,1),0)),DATE(Consolidado!$E$4,Consolidado!$B$4,20),"") -> NaN | B27: =IF(A27="","",CHOOSE(WEEKDAY(A27,2),"Segunda-feira","Terça-feira","Quarta-feira","Quinta-feira","Sexta-feira","Sábado","Domingo")) -> #NUM! | G27: =IF(OR(C27="",D27="",E27="",F27=""),"",(D27-C27)*24+(F27-E27)*24)
A28: =IF(21<=DAY(EOMONTH(DATE(Consolidado!$E$4,Consolidado!$B$4,1),0)),DATE(Consolidado!$E$4,Consolidado!$B$4,21),"") -> NaN | B28: =IF(A28="","",CHOOSE(WEEKDAY(A28,2),"Segunda-feira","Terça-feira","Quarta-feira","Quinta-feira","Sexta-feira","Sábado","Domingo")) -> #NUM! | G28: =IF(OR(C28="",D28="",E28="",F28=""),"",(D28-C28)*24+(F28-E28)*24)
A29: =IF(22<=DAY(EOMONTH(DATE(Consolidado!$E$4,Consolidado!$B$4,1),0)),DATE(Consolidado!$E$4,Consolidado!$B$4,22),"") -> NaN | B29: =IF(A29="","",CHOOSE(WEEKDAY(A29,2),"Segunda-feira","Terça-feira","Quarta-feira","Quinta-feira","Sexta-feira","Sábado","Domingo")) -> #NUM! | G29: =IF(OR(C29="",D29="",E29="",F29=""),"",(D29-C29)*24+(F29-E29)*24)
A30: =IF(23<=DAY(EOMONTH(DATE(Consolidado!$E$4,Consolidado!$B$4,1),0)),DATE(Consolidado!$E$4,Consolidado!$B$4,23),"") -> NaN | B30: =IF(A30="","",CHOOSE(WEEKDAY(A30,2),"Segunda-feira","Terça-feira","Quarta-feira","Quinta-feira","Sexta-feira","Sábado","Domingo")) -> #NUM! | G30: =IF(OR(C30="",D30="",E30="",F30=""),"",(D30-C30)*24+(F30-E30)*24)
A31: =IF(24<=DAY(EOMONTH(DATE(Consolidado!$E$4,Consolidado!$B$4,1),0)),DATE(Consolidado!$E$4,Consolidado!$B$4,24),"") -> NaN | B31: =IF(A31="","",CHOOSE(WEEKDAY(A31,2),"Segunda-feira","Terça-feira","Quarta-feira","Quinta-feira","Sexta-feira","Sábado","Domingo")) -> #NUM! | G31: =IF(OR(C31="",D31="",E31="",F31=""),"",(D31-C31)*24+(F31-E31)*24)
A32: =IF(25<=DAY(EOMONTH(DATE(Consolidado!$E$4,Consolidado!$B$4,1),0)),DATE(Consolidado!$E$4,Consolidado!$B$4,25),"") -> NaN | B32: =IF(A32="","",CHOOSE(WEEKDAY(A32,2),"Segunda-feira","Terça-feira","Quarta-feira","Quinta-feira","Sexta-feira","Sábado","Domingo")) -> #NUM! | G32: =IF(OR(C32="",D32="",E32="",F32=""),"",(D32-C32)*24+(F32-E32)*24)
A33: =IF(26<=DAY(EOMONTH(DATE(Consolidado!$E$4,Consolidado!$B$4,1),0)),DATE(Consolidado!$E$4,Consolidado!$B$4,26),"") -> NaN | B33: =IF(A33="","",CHOOSE(WEEKDAY(A33,2),"Segunda-feira","Terça-feira","Quarta-feira","Quinta-feira","Sexta-feira","Sábado","Domingo")) -> #NUM! | G33: =IF(OR(C33="",D33="",E33="",F33=""),"",(D33-C33)*24+(F33-E33)*24)
A34: =IF(27<=DAY(EOMONTH(DATE(Consolidado!$E$4,Consolidado!$B$4,1),0)),DATE(Consolidado!$E$4,Consolidado!$B$4,27),"") -> NaN | B34: =IF(A34="","",CHOOSE(WEEKDAY(A34,2),"Segunda-feira","Terça-feira","Quarta-feira","Quinta-feira","Sexta-feira","Sábado","Domingo")) -> #NUM! | G34: =IF(OR(C34="",D34="",E34="",F34=""),"",(D34-C34)*24+(F34-E34)*24)
A35: =IF(28<=DAY(EOMONTH(DATE(Consolidado!$E$4,Consolidado!$B$4,1),0)),DATE(Consolidado!$E$4,Consolidado!$B$4,28),"") -> NaN | B35: =IF(A35="","",CHOOSE(WEEKDAY(A35,2),"Segunda-feira","Terça-feira","Quarta-feira","Quinta-feira","Sexta-feira","Sábado","Domingo")) -> #NUM! | G35: =IF(OR(C35="",D35="",E35="",F35=""),"",(D35-C35)*24+(F35-E35)*24)
A36: =IF(29<=DAY(EOMONTH(DATE(Consolidado!$E$4,Consolidado!$B$4,1),0)),DATE(Consolidado!$E$4,Consolidado!$B$4,29),"") -> NaN | B36: =IF(A36="","",CHOOSE(WEEKDAY(A36,2),"Segunda-feira","Terça-feira","Quarta-feira","Quinta-feira","Sexta-feira","Sábado","Domingo")) -> #NUM! | G36: =IF(OR(C36="",D36="",E36="",F36=""),"",(D36-C36)*24+(F36-E36)*24)
A37: =IF(30<=DAY(EOMONTH(DATE(Consolidado!$E$4,Consolidado!$B$4,1),0)),DATE(Consolidado!$E$4,Consolidado!$B$4,30),"") -> NaN | B37: =IF(A37="","",CHOOSE(WEEKDAY(A37,2),"Segunda-feira","Terça-feira","Quarta-feira","Quinta-feira","Sexta-feira","Sábado","Domingo")) -> #NUM! | G37: =IF(OR(C37="",D37="",E37="",F37=""),"",(D37-C37)*24+(F37-E37)*24)
A38: =IF(31<=DAY(EOMONTH(DATE(Consolidado!$E$4,Consolidado!$B$4,1),0)),DATE(Consolidado!$E$4,Consolidado!$B$4,31),"") -> NaN | B38: =IF(A38="","",CHOOSE(WEEKDAY(A38,2),"Segunda-feira","Terça-feira","Quarta-feira","Quinta-feira","Sexta-feira","Sábado","Domingo")) -> #NUM! | G38: =IF(OR(C38="",D38="",E38="",F38=""),"",(D38-C38)*24+(F38-E38)*24)
F40: TOTAL HORAS DO MÊS | G40: =SUM(G8:G38)
F41: TOTAL R$ MENSAL (estimado) | G41: =G40*E5

Sheet Joszef Barrionuevo
A1: ="REGISTRO DE PONTO — Joszef Barrionuevo — SINOSBYTE — " & Consolidado!$H$4 & "/" & Consolidado!$E$4
A2: Preencha apenas as células amarelas (Entrada, Saída Almoço, Retorno Almoço, Saída). O Total de Horas e o Total do Mês são calculados automaticamente. O mês/ano é definido na aba Consolidado.
A4: Colaborador: | B4: Joszef Barrionuevo | D4: Cargo: | E4: Desenvolvedor | G4: Empresa: | H4: SINOSBYTE
A5: Squad: | B5: SUSTENTAÇÃO | D5: Valor Hora (R$): | E5: 140 | G5: Mês/Ano: | H5: =Consolidado!$H$4&"/"&Consolidado!$E$4 -> #NUM!
A7: Data | B7: Dia da Semana | C7: Entrada | D7: Saída Almoço | E7: Retorno Almoço | F7: Saída | G7: Total Horas | H7: Observações
A8: =IF(1<=DAY(EOMONTH(DATE(Consolidado!$E$4,Consolidado!$B$4,1),0)),DATE(Consolidado!$E$4,Consolidado!$B$4,1),"") -> NaN | B8: =IF(A8="","",CHOOSE(WEEKDAY(A8,2),"Segunda-feira","Terça-feira","Quarta-feira","Quinta-feira","Sexta-feira","Sábado","Domingo")) -> #NUM! | C8: 08:45 | D8: 12:00 | E8: 13:00 | F8: 18:35 | G8: =IF(OR(C8="",D8="",E8="",F8=""),"",(D8-C8)*24+(F8-E8)*24) | H8: Test
A9: =IF(2<=DAY(EOMONTH(DATE(Consolidado!$E$4,Consolidado!$B$4,1),0)),DATE(Consolidado!$E$4,Consolidado!$B$4,2),"") -> NaN | B9: =IF(A9="","",CHOOSE(WEEKDAY(A9,2),"Segunda-feira","Terça-feira","Quarta-feira","Quinta-feira","Sexta-feira","Sábado","Domingo")) -> #NUM! | G9: =IF(OR(C9="",D9="",E9="",F9=""),"",(D9-C9)*24+(F9-E9)*24)
A10: =IF(3<=DAY(EOMONTH(DATE(Consolidado!$E$4,Consolidado!$B$4,1),0)),DATE(Consolidado!$E$4,Consolidado!$B$4,3),"") -> NaN | B10: =IF(A10="","",CHOOSE(WEEKDAY(A10,2),"Segunda-feira","Terça-feira","Quarta-feira","Quinta-feira","Sexta-feira","Sábado","Domingo")) -> #NUM! | C10: 09:30 | D10: 12:00 | E10: 13:00 | F10: 18:10 | G10: =IF(OR(C10="",D10="",E10="",F10=""),"",(D10-C10)*24+(F10-E10)*24) | H10: Test
A11: =IF(4<=DAY(EOMONTH(DATE(Consolidado!$E$4,Consolidado!$B$4,1),0)),DATE(Consolidado!$E$4,Consolidado!$B$4,4),"") -> NaN | B11: =IF(A11="","",CHOOSE(WEEKDAY(A11,2),"Segunda-feira","Terça-feira","Quarta-feira","Quinta-feira","Sexta-feira","Sábado","Domingo")) -> #NUM! | C11: 08:45 | D11: 12:00 | E11: 13:00 | F11: 18:35 | G11: =IF(OR(C11="",D11="",E11="",F11=""),"",(D11-C11)*24+(F11-E11)*24) | H11: Test
A12: =IF(5<=DAY(EOMONTH(DATE(Consolidado!$E$4,Consolidado!$B$4,1),0)),DATE(Consolidado!$E$4,Consolidado!$B$4,5),"") -> NaN | B12: =IF(A12="","",CHOOSE(WEEKDAY(A12,2),"Segunda-feira","Terça-feira","Quarta-feira","Quinta-feira","Sexta-feira","Sábado","Domingo")) -> #NUM! | C12: 09:30 | D12: 12:00 | E12: 13:00 | F12: 18:35 | G12: =IF(OR(C12="",D12="",E12="",F12=""),"",(D12-C12)*24+(F12-E12)*24) | H12: Test
A13: =IF(6<=DAY(EOMONTH(DATE(Consolidado!$E$4,Consolidado!$B$4,1),0)),DATE(Consolidado!$E$4,Consolidado!$B$4,6),"") -> NaN | B13: =IF(A13="","",CHOOSE(WEEKDAY(A13,2),"Segunda-feira","Terça-feira","Quarta-feira","Quinta-feira","Sexta-feira","Sábado","Domingo")) -> #NUM! | C13: 09:30 | D13: 12:00 | E13: 13:00 | F13: 18:10 | G13: =IF(OR(C13="",D13="",E13="",F13=""),"",(D13-C13)*24+(F13-E13)*24) | H13: Test
A14: =IF(7<=DAY(EOMONTH(DATE(Consolidado!$E$4,Consolidado!$B$4,1),0)),DATE(Consolidado!$E$4,Consolidado!$B$4,7),"") -> NaN | B14: =IF(A14="","",CHOOSE(WEEKDAY(A14,2),"Segunda-feira","Terça-feira","Quarta-feira","Quinta-feira","Sexta-feira","Sábado","Domingo")) -> #NUM! | C14: 08:45 | D14: 12:00 | E14: 13:00 | F14: 18:35 | G14: =IF(OR(C14="",D14="",E14="",F14=""),"",(D14-C14)*24+(F14-E14)*24) | H14: Test
A15: =IF(8<=DAY(EOMONTH(DATE(Consolidado!$E$4,Consolidado!$B$4,1),0)),DATE(Consolidado!$E$4,Consolidado!$B$4,8),"") -> NaN | B15: =IF(A15="","",CHOOSE(WEEKDAY(A15,2),"Segunda-feira","Terça-feira","Quarta-feira","Quinta-feira","Sexta-feira","Sábado","Domingo")) -> #NUM! | C15: 09:30 | D15: 12:00 | E15: 13:00 | F15: 18:10 | G15: =IF(OR(C15="",D15="",E15="",F15=""),"",(D15-C15)*24+(F15-E15)*24) | H15: Test
A16: =IF(9<=DAY(EOMONTH(DATE(Consolidado!$E$4,Consolidado!$B$4,1),0)),DATE(Consolidado!$E$4,Consolidado!$B$4,9),"") -> NaN | B16: =IF(A16="","",CHOOSE(WEEKDAY(A16,2),"Segunda-feira","Terça-feira","Quarta-feira","Quinta-feira","Sexta-feira","Sábado","Domingo")) -> #NUM! | G16: =IF(OR(C16="",D16="",E16="",F16=""),"",(D16-C16)*24+(F16-E16)*24)
A17: =IF(10<=DAY(EOMONTH(DATE(Consolidado!$E$4,Consolidado!$B$4,1),0)),DATE(Consolidado!$E$4,Consolidado!$B$4,10),"") -> NaN | B17: =IF(A17="","",CHOOSE(WEEKDAY(A17,2),"Segunda-feira","Terça-feira","Quarta-feira","Quinta-feira","Sexta-feira","Sábado","Domingo")) -> #NUM! | G17: =IF(OR(C17="",D17="",E17="",F17=""),"",(D17-C17)*24+(F17-E17)*24)
A18: =IF(11<=DAY(EOMONTH(DATE(Consolidado!$E$4,Consolidado!$B$4,1),0)),DATE(Consolidado!$E$4,Consolidado!$B$4,11),"") -> NaN | B18: =IF(A18="","",CHOOSE(WEEKDAY(A18,2),"Segunda-feira","Terça-feira","Quarta-feira","Quinta-feira","Sexta-feira","Sábado","Domingo")) -> #NUM! | G18: =IF(OR(C18="",D18="",E18="",F18=""),"",(D18-C18)*24+(F18-E18)*24)
A19: =IF(12<=DAY(EOMONTH(DATE(Consolidado!$E$4,Consolidado!$B$4,1),0)),DATE(Consolidado!$E$4,Consolidado!$B$4,12),"") -> NaN | B19: =IF(A19="","",CHOOSE(WEEKDAY(A19,2),"Segunda-feira","Terça-feira","Quarta-feira","Quinta-feira","Sexta-feira","Sábado","Domingo")) -> #NUM! | C19: 09:30 | D19: 12:00 | E19: 13:00 | F19: 18:35 | G19: =IF(OR(C19="",D19="",E19="",F19=""),"",(D19-C19)*24+(F19-E19)*24) | H19: Test
A20: =IF(13<=DAY(EOMONTH(DATE(Consolidado!$E$4,Consolidado!$B$4,1),0)),DATE(Consolidado!$E$4,Consolidado!$B$4,13),"") -> NaN | B20: =IF(A20="","",CHOOSE(WEEKDAY(A20,2),"Segunda-feira","Terça-feira","Quarta-feira","Quinta-feira","Sexta-feira","Sábado","Domingo")) -> #NUM! | C20: 08:45 | D20: 12:00 | E20: 13:00 | F20: 18:10 | G20: =IF(OR(C20="",D20="",E20="",F20=""),"",(D20-C20)*24+(F20-E20)*24) | H20: Test
A21: =IF(14<=DAY(EOMONTH(DATE(Consolidado!$E$4,Consolidado!$B$4,1),0)),DATE(Consolidado!$E$4,Consolidado!$B$4,14),"") -> NaN | B21: =IF(A21="","",CHOOSE(WEEKDAY(A21,2),"Segunda-feira","Terça-feira","Quarta-feira","Quinta-feira","Sexta-feira","Sábado","Domingo")) -> #NUM! | C21: 09:30 | D21: 12:00 | E21: 13:00 | F21: 18:35 | G21: =IF(OR(C21="",D21="",E21="",F21=""),"",(D21-C21)*24+(F21-E21)*24) | H21: Test
A22: =IF(15<=DAY(EOMONTH(DATE(Consolidado!$E$4,Consolidado!$B$4,1),0)),DATE(Consolidado!$E$4,Consolidado!$B$4,15),"") -> NaN | B22: =IF(A22="","",CHOOSE(WEEKDAY(A22,2),"Segunda-feira","Terça-feira","Quarta-feira","Quinta-feira","Sexta-feira","Sábado","Domingo")) -> #NUM! | C22: 08:45 | D22: 12:00 | E22: 13:00 | F22: 18:10 | G22: =IF(OR(C22="",D22="",E22="",F22=""),"",(D22-C22)*24+(F22-E22)*24) | H22: Test
A23: =IF(16<=DAY(EOMONTH(DATE(Consolidado!$E$4,Consolidado!$B$4,1),0)),DATE(Consolidado!$E$4,Consolidado!$B$4,16),"") -> NaN | B23: =IF(A23="","",CHOOSE(WEEKDAY(A23,2),"Segunda-feira","Terça-feira","Quarta-feira","Quinta-feira","Sexta-feira","Sábado","Domingo")) -> #NUM! | G23: =IF(OR(C23="",D23="",E23="",F23=""),"",(D23-C23)*24+(F23-E23)*24)
A24: =IF(17<=DAY(EOMONTH(DATE(Consolidado!$E$4,Consolidado!$B$4,1),0)),DATE(Consolidado!$E$4,Consolidado!$B$4,17),"") -> NaN | B24: =IF(A24="","",CHOOSE(WEEKDAY(A24,2),"Segunda-feira","Terça-feira","Quarta-feira","Quinta-feira","Sexta-feira","Sábado","Domingo")) -> #NUM! | G24: =IF(OR(C24="",D24="",E24="",F24=""),"",(D24-C24)*24+(F24-E24)*24)
A25: =IF(18<=DAY(EOMONTH(DATE(Consolidado!$E$4,Consolidado!$B$4,1),0)),DATE(Consolidado!$E$4,Consolidado!$B$4,18),"") -> NaN | B25: =IF(A25="","",CHOOSE(WEEKDAY(A25,2),"Segunda-feira","Terça-feira","Quarta-feira","Quinta-feira","Sexta-feira","Sábado","Domingo")) -> #NUM! | G25: =IF(OR(C25="",D25="",E25="",F25=""),"",(D25-C25)*24+(F25-E25)*24)
A26: =IF(19<=DAY(EOMONTH(DATE(Consolidado!$E$4,Consolidado!$B$4,1),0)),DATE(Consolidado!$E$4,Consolidado!$B$4,19),"") -> NaN | B26: =IF(A26="","",CHOOSE(WEEKDAY(A26,2),"Segunda-feira","Terça-feira","Quarta-feira","Quinta-feira","Sexta-feira","Sábado","Domingo")) -> #NUM! | G26: =IF(OR(C26="",D26="",E26="",F26=""),"",(D26-C26)*24+(F26-E26)*24)
A27: =IF(20<=DAY(EOMONTH(DATE(Consolidado!$E$4,Consolidado!$B$4,1),0)),DATE(Consolidado!$E$4,Consolidado!$B$4,20),"") -> NaN | B27: =IF(A27="","",CHOOSE(WEEKDAY(A27,2),"Segunda-feira","Terça-feira","Quarta-feira","Quinta-feira","Sexta-feira","Sábado","Domingo")) -> #NUM! | G27: =IF(OR(C27="",D27="",E27="",F27=""),"",(D27-C27)*24+(F27-E27)*24)
A28: =IF(21<=DAY(EOMONTH(DATE(Consolidado!$E$4,Consolidado!$B$4,1),0)),DATE(Consolidado!$E$4,Consolidado!$B$4,21),"") -> NaN | B28: =IF(A28="","",CHOOSE(WEEKDAY(A28,2),"Segunda-feira","Terça-feira","Quarta-feira","Quinta-feira","Sexta-feira","Sábado","Domingo")) -> #NUM! | G28: =IF(OR(C28="",D28="",E28="",F28=""),"",(D28-C28)*24+(F28-E28)*24)
A29: =IF(22<=DAY(EOMONTH(DATE(Consolidado!$E$4,Consolidado!$B$4,1),0)),DATE(Consolidado!$E$4,Consolidado!$B$4,22),"") -> NaN | B29: =IF(A29="","",CHOOSE(WEEKDAY(A29,2),"Segunda-feira","Terça-feira","Quarta-feira","Quinta-feira","Sexta-feira","Sábado","Domingo")) -> #NUM! | G29: =IF(OR(C29="",D29="",E29="",F29=""),"",(D29-C29)*24+(F29-E29)*24)
A30: =IF(23<=DAY(EOMONTH(DATE(Consolidado!$E$4,Consolidado!$B$4,1),0)),DATE(Consolidado!$E$4,Consolidado!$B$4,23),"") -> NaN | B30: =IF(A30="","",CHOOSE(WEEKDAY(A30,2),"Segunda-feira","Terça-feira","Quarta-feira","Quinta-feira","Sexta-feira","Sábado","Domingo")) -> #NUM! | G30: =IF(OR(C30="",D30="",E30="",F30=""),"",(D30-C30)*24+(F30-E30)*24)
A31: =IF(24<=DAY(EOMONTH(DATE(Consolidado!$E$4,Consolidado!$B$4,1),0)),DATE(Consolidado!$E$4,Consolidado!$B$4,24),"") -> NaN | B31: =IF(A31="","",CHOOSE(WEEKDAY(A31,2),"Segunda-feira","Terça-feira","Quarta-feira","Quinta-feira","Sexta-feira","Sábado","Domingo")) -> #NUM! | G31: =IF(OR(C31="",D31="",E31="",F31=""),"",(D31-C31)*24+(F31-E31)*24)
A32: =IF(25<=DAY(EOMONTH(DATE(Consolidado!$E$4,Consolidado!$B$4,1),0)),DATE(Consolidado!$E$4,Consolidado!$B$4,25),"") -> NaN | B32: =IF(A32="","",CHOOSE(WEEKDAY(A32,2),"Segunda-feira","Terça-feira","Quarta-feira","Quinta-feira","Sexta-feira","Sábado","Domingo")) -> #NUM! | G32: =IF(OR(C32="",D32="",E32="",F32=""),"",(D32-C32)*24+(F32-E32)*24)
A33: =IF(26<=DAY(EOMONTH(DATE(Consolidado!$E$4,Consolidado!$B$4,1),0)),DATE(Consolidado!$E$4,Consolidado!$B$4,26),"") -> NaN | B33: =IF(A33="","",CHOOSE(WEEKDAY(A33,2),"Segunda-feira","Terça-feira","Quarta-feira","Quinta-feira","Sexta-feira","Sábado","Domingo")) -> #NUM! | G33: =IF(OR(C33="",D33="",E33="",F33=""),"",(D33-C33)*24+(F33-E33)*24)
A34: =IF(27<=DAY(EOMONTH(DATE(Consolidado!$E$4,Consolidado!$B$4,1),0)),DATE(Consolidado!$E$4,Consolidado!$B$4,27),"") -> NaN | B34: =IF(A34="","",CHOOSE(WEEKDAY(A34,2),"Segunda-feira","Terça-feira","Quarta-feira","Quinta-feira","Sexta-feira","Sábado","Domingo")) -> #NUM! | G34: =IF(OR(C34="",D34="",E34="",F34=""),"",(D34-C34)*24+(F34-E34)*24)
A35: =IF(28<=DAY(EOMONTH(DATE(Consolidado!$E$4,Consolidado!$B$4,1),0)),DATE(Consolidado!$E$4,Consolidado!$B$4,28),"") -> NaN | B35: =IF(A35="","",CHOOSE(WEEKDAY(A35,2),"Segunda-feira","Terça-feira","Quarta-feira","Quinta-feira","Sexta-feira","Sábado","Domingo")) -> #NUM! | G35: =IF(OR(C35="",D35="",E35="",F35=""),"",(D35-C35)*24+(F35-E35)*24)
A36: =IF(29<=DAY(EOMONTH(DATE(Consolidado!$E$4,Consolidado!$B$4,1),0)),DATE(Consolidado!$E$4,Consolidado!$B$4,29),"") -> NaN | B36: =IF(A36="","",CHOOSE(WEEKDAY(A36,2),"Segunda-feira","Terça-feira","Quarta-feira","Quinta-feira","Sexta-feira","Sábado","Domingo")) -> #NUM! | G36: =IF(OR(C36="",D36="",E36="",F36=""),"",(D36-C36)*24+(F36-E36)*24)
A37: =IF(30<=DAY(EOMONTH(DATE(Consolidado!$E$4,Consolidado!$B$4,1),0)),DATE(Consolidado!$E$4,Consolidado!$B$4,30),"") -> NaN | B37: =IF(A37="","",CHOOSE(WEEKDAY(A37,2),"Segunda-feira","Terça-feira","Quarta-feira","Quinta-feira","Sexta-feira","Sábado","Domingo")) -> #NUM! | G37: =IF(OR(C37="",D37="",E37="",F37=""),"",(D37-C37)*24+(F37-E37)*24)
A38: =IF(31<=DAY(EOMONTH(DATE(Consolidado!$E$4,Consolidado!$B$4,1),0)),DATE(Consolidado!$E$4,Consolidado!$B$4,31),"") -> NaN | B38: =IF(A38="","",CHOOSE(WEEKDAY(A38,2),"Segunda-feira","Terça-feira","Quarta-feira","Quinta-feira","Sexta-feira","Sábado","Domingo")) -> #NUM! | G38: =IF(OR(C38="",D38="",E38="",F38=""),"",(D38-C38)*24+(F38-E38)*24)
F40: TOTAL HORAS DO MÊS | G40: =SUM(G8:G38)
F41: TOTAL R$ MENSAL (estimado) | G41: =G40*E5
